Segmento,Baseline_Acc,Baseline_F1,MSRCNN_Acc,MSRCNN_F1,Attention_Acc,Attention_F1
BlueChips,0.30920421860019176,0.23727754963039058,0.3068072866730585,0.22919736712840164,0.30057526366251197,0.2103930116517887
SmallCaps,0.3671147880041365,0.27601529834876554,0.34798345398138575,0.23552121399641535,0.33971044467425027,0.2329480892069341
Commodities,0.3342140026420079,0.2647688020039582,0.36922060766182296,0.27681557080220776,0.36459709379128136,0.2843675407810668
FIIs,0.6259293680297398,0.3287608625550785,0.6496282527881041,0.26253521126760565,0.6445167286245354,0.26678673287755994
BDRs,0.3378076062639821,0.2565263173958826,0.35719612229679343,0.27390307371241596,0.3407904548844146,0.2637184866577434
